Date,Open,Close,Change,% Change,Up/Down
2016-11-08,2129.919922,2139.560059,9.640136999999868,0.004526056073952187,up
2016-11-09,2131.560059,2163.26001,31.699951000000056,0.014871713731993913,up
2016-11-10,2167.48999,2167.47998,-0.010009999999965657,-4.618245088165624e-06,down
2016-11-11,2162.709961,2164.449951,1.7399900000000343,0.0008045415387995406,up
2016-11-14,2165.639893,2164.199951,-1.4399419999999736,-0.0006649037102864144,down
2016-11-15,2168.290039,2180.389893,12.09985400000005,0.005580366916955638,up
2016-11-16,2177.530029,2176.939941,-0.5900879999999233,-0.0002709896038820245,down
2016-11-17,2178.610107,2187.1201170000004,8.51001000000042,0.0039061647481838384,up
2016-11-18,2186.850098,2181.899902,-4.950195999999778,-0.0022636192597412217,down
2016-11-21,2186.429932,2198.179932,11.75,0.005374057420285993,up
2016-11-22,2201.560059,2202.939941,1.3798820000001797,0.0006267746339052655,up
2016-11-23,2198.550049,2204.719971,6.169922000000042,0.002806359583583918,up
2016-11-25,2206.27002,2213.350098,7.080077999999958,0.003209071390092115,up
2016-11-28,2210.209961,2201.719971,-8.489990000000034,-0.003841259495617681,down
2016-11-29,2200.76001,2204.659912,3.899902000000111,0.0017720705493917582,up
2016-11-30,2204.969971,2198.810059,-6.159912000000077,-0.0027936489299246227,down
2016-12-01,2200.169922,2191.080078,-9.089844000000085,-0.0041314281724828,down
2016-12-02,2191.1201170000004,2191.949951,0.8298339999996642,0.0003787259281503206,up
2016-12-05,2200.649902,2204.709961,4.06005899999991,0.001844936350988877,up
2016-12-06,2207.26001,2212.22998,4.969970000000103,0.0022516468279602923,up
2016-12-07,2210.719971,2241.350098,30.630126999999902,0.013855272219821052,up
2016-12-08,2241.1298829999996,2246.189941,5.060058000000481,0.002257815594885128,up
2016-12-09,2249.72998,2259.530029,9.800048999999944,0.004356100104066687,up
2016-12-12,2258.830078,2256.959961,-1.8701169999999365,-0.0008279139799908121,down
2016-12-13,2263.320068,2271.719971,8.399902999999995,0.003711319100980107,up
2016-12-14,2268.350098,2253.280029,-15.070068999999876,-0.006643625696618493,down
2016-12-15,2253.77002,2262.030029,8.260009000000082,0.0036649742106340034,up
2016-12-16,2266.810059,2258.070068,-8.739990999999918,-0.003855634469813299,down
2016-12-19,2259.23999,2262.530029,3.290038999999979,0.0014562591909503067,up
2016-12-20,2266.5,2270.76001,4.260009999999966,0.0018795543789984406,up
2016-12-21,2270.540039,2265.179932,-5.360106999999971,-0.0023607189954512717,down
2016-12-22,2262.929932,2260.959961,-1.9699709999999868,-0.0008705399898347303,down
2016-12-23,2260.25,2263.790039,3.540038999999979,0.0015662156841057312,up
2016-12-27,2266.22998,2268.8798829999996,2.64990299999954,0.001169300125488385,up
2016-12-28,2270.22998,2249.919922,-20.310058000000026,-0.008946255744539161,down
2016-12-29,2249.5,2249.26001,-0.23999000000003434,-0.00010668593020672787,down
2016-12-30,2251.610107,2238.830078,-12.780029000000013,-0.005675951160579869,down
2017-01-03,2251.570068,2257.830078,6.260009999999966,0.0027802865604624684,up
2017-01-04,2261.600098,2270.75,9.149902000000111,0.004045764769859906,up
2017-01-05,2268.179932,2269.0,0.820067999999992,0.00036155332671376094,up
2017-01-06,2271.139893,2276.97998,5.8400870000000396,0.002571434290771819,up
2017-01-09,2273.590088,2268.899902,-4.690185999999812,-0.002062898683784116,down
2017-01-10,2269.719971,2268.899902,-0.8200689999998758,-0.0003613084479485667,down
2017-01-11,2268.600098,2275.320068,6.719970000000103,0.002962165965665097,up
2017-01-12,2271.139893,2270.439941,-0.6999519999999393,-0.00030819413729524025,down
2017-01-13,2272.73999,2274.639893,1.8999029999999948,0.0008359526423433922,up
2017-01-17,2269.139893,2267.889893,-1.25,-0.0005508695183827523,down
2017-01-18,2269.139893,2271.889893,2.75,0.001211912940442055,up
2017-01-19,2271.899902,2263.689941,-8.209961000000021,-0.0036136983820337434,down
2017-01-20,2269.959961,2271.310059,1.350097999999889,0.0005947673188936432,up
2017-01-23,2267.780029,2265.199951,-2.5800779999999577,-0.0011377108745144336,down
2017-01-24,2267.8798829999996,2280.070068,12.190185000000383,0.005375145787648572,up
2017-01-25,2288.8798829999996,2298.3701170000004,9.490234000000783,0.004146235051689161,up
2017-01-26,2298.6298829999996,2296.679932,-1.9499509999996008,-0.000848310123530923,down
2017-01-27,2299.02002,2294.689941,-4.3300789999998415,-0.0018834455386777544,down
2017-01-30,2286.01001,2280.899902,-5.110107999999855,-0.0022353830375396538,down
2017-01-31,2274.02002,2278.8701170000004,4.85009700000046,0.002132829507807262,up
2017-02-01,2285.590088,2279.550049,-6.040038999999979,-0.0026426606554306948,down
2017-02-02,2276.689941,2280.850098,4.160156999999799,0.0018272830766637093,up
2017-02-03,2288.540039,2297.419922,8.879883000000063,0.003880151908498055,up
2017-02-06,2294.280029,2292.560059,-1.719970000000103,-0.0007496774492474576,down
2017-02-07,2295.8701170000004,2293.080078,-2.7900390000004336,-0.0012152425258473074,down
2017-02-08,2289.550049,2294.669922,5.119873000000098,0.0022361917802304824,up
2017-02-09,2296.699951,2307.8701170000004,11.170166000000336,0.004863572185446673,up
2017-02-10,2312.27002,2316.100098,3.8300779999999577,0.0016564146777286667,up
2017-02-13,2321.719971,2328.25,6.530029000000013,0.0028125825170842765,up
2017-02-14,2326.1201170000004,2337.580078,11.459960999999566,0.004926641971859772,up
2017-02-15,2335.580078,2349.25,13.669922000000042,0.005852902295564127,up
2017-02-16,2349.639893,2347.219971,-2.4199220000000423,-0.0010299118631793005,down
2017-02-17,2343.01001,2351.159912,8.149902000000111,0.003478389748748923,up
2017-02-21,2354.909912,2365.3798829999996,10.469970999999532,0.004446017636023918,up
2017-02-22,2361.110107,2362.820068,1.7099610000000212,0.0007242190844596733,up
2017-02-23,2367.5,2363.810059,-3.68994100000009,-0.0015585812038015163,down
2017-02-24,2355.72998,2367.340088,11.610107999999855,0.004928454491206099,up
2017-02-27,2365.22998,2369.75,4.520019999999931,0.0019110276963426327,up
2017-02-28,2366.080078,2363.639893,-2.4401849999999286,-0.0010313197015979984,down
2017-03-01,2380.1298829999996,2395.959961,15.830078000000412,0.0066509303181587825,up
2017-03-02,2394.75,2381.919922,-12.830077999999958,-0.00535758555172772,down
2017-03-03,2380.919922,2383.1201170000004,2.200195000000349,0.0009240944979586545,up
2017-03-06,2375.22998,2375.310059,0.08007899999984147,3.3714209013074795e-05,up
2017-03-07,2370.73999,2368.389893,-2.350097000000005,-0.0009912925963677717,down
2017-03-08,2369.810059,2362.97998,-6.8300789999998415,-0.0028821208577711763,down
2017-03-09,2363.48999,2364.8701170000004,1.380127000000357,0.0005839360462027415,up
2017-03-10,2372.52002,2372.600098,0.08007799999995768,3.37522968509904e-05,up
2017-03-13,2371.560059,2373.469971,1.9099120000000767,0.0008053399249797691,up
2017-03-14,2368.550049,2365.449951,-3.100097999999889,-0.0013088589794877875,down
2017-03-15,2370.340088,2385.26001,14.919922000000042,0.006294422507357958,up
2017-03-16,2387.709961,2381.3798829999996,-6.330078000000412,-0.0026511084274864374,down
2017-03-17,2383.709961,2378.25,-5.459961000000021,-0.0022905307647871262,down
2017-03-20,2378.23999,2373.469971,-4.7700190000000475,-0.002005692873745701,down
2017-03-21,2379.320068,2344.02002,-35.30004800000006,-0.014836191429122205,down
2017-03-22,2343.0,2348.449951,5.4499510000000555,0.0023260567648314364,up
2017-03-23,2345.969971,2345.959961,-0.010009999999965657,-4.266891786214453e-06,down
2017-03-24,2350.419922,2343.97998,-6.439941999999974,-0.0027399112557385708,down
2017-03-27,2329.110107,2341.590088,12.479980999999952,0.005358261493302581,up
2017-03-28,2339.790039,2358.570068,18.780029000000013,0.008026373600610074,up
2017-03-29,2356.540039,2361.1298829999996,4.58984399999963,0.0019477046534491875,up
2017-03-30,2361.310059,2368.060059,6.75,0.0028585826644293307,up
2017-03-31,2364.820068,2362.719971,-2.100097000000005,-0.0008880578393332567,down
2017-04-03,2362.340088,2358.840088,-3.5,-0.0014815817662236616,down
2017-04-04,2354.76001,2360.159912,5.399902000000111,0.0022931857077019544,up
2017-04-05,2366.590088,2352.949951,-13.640136999999868,-0.005763624663672583,down
2017-04-06,2353.790039,2357.48999,3.6999510000000555,0.0015719120816621213,up
2017-04-07,2356.590088,2355.540039,-1.0500489999999445,-0.00044557982542101933,down
2017-04-10,2357.159912,2357.159912,0.0,0.0,down
2017-04-11,2353.919922,2353.780029,-0.13989300000002913,-5.9429804171575017e-05,down
2017-04-12,2352.149902,2344.929932,-7.219970000000103,-0.0030695195037786765,down
2017-04-13,2341.97998,2328.949951,-13.030029000000013,-0.005563680779201201,down
2017-04-17,2332.6201170000004,2349.01001,16.389892999999574,0.007026387571877213,up
2017-04-18,2342.530029,2342.189941,-0.34008799999992334,-0.00014517978245303566,down
2017-04-19,2346.790039,2338.169922,-8.620116999999937,-0.0036731522022622393,down
2017-04-20,2342.689941,2355.840088,13.150146999999833,0.005613268222079173,up
2017-04-21,2354.73999,2348.689941,-6.0500489999999445,-0.0025693066010230472,down
2017-04-24,2370.330078,2374.149902,3.8198240000001533,0.0016115156430969247,up
2017-04-25,2381.51001,2388.610107,7.100097000000005,0.002981342497065551,up
2017-04-26,2388.97998,2387.449951,-1.5300290000000132,-0.000640452834602663,down
2017-04-27,2389.699951,2388.77002,-0.9299310000001242,-0.00038914132278865504,down
2017-04-28,2393.679932,2384.199951,-9.479980999999952,-0.003960421304981703,down
2017-05-01,2388.5,2388.330078,-0.16992200000004232,-7.114172074525531e-05,down
2017-05-02,2391.050049,2391.169922,0.11987300000009782,5.0134040502511384e-05,up
2017-05-03,2386.5,2388.1298829999996,1.6298829999996087,0.0006829595642152142,up
2017-05-04,2389.790039,2389.52002,-0.2700190000000475,-0.00011298858711162597,down
2017-05-05,2392.3701170000004,2399.290039,6.919921999999588,0.0028924964205275542,up
2017-05-08,2399.939941,2399.3798829999996,-0.5600580000004811,-0.00023336333982054475,down
2017-05-09,2401.580078,2396.919922,-4.660155999999915,-0.0019404541379610476,down
2017-05-10,2396.790039,2399.6298829999996,2.83984399999963,0.0011848530550404336,up
2017-05-11,2394.840088,2394.439941,-0.4001469999998335,-0.0001670871479080709,down
2017-05-12,2392.439941,2390.899902,-1.5400389999999788,-0.0006437106209471943,down
2017-05-15,2393.97998,2402.320068,8.340087999999923,0.0034837751650704796,up
2017-05-16,2404.550049,2400.669922,-3.880126999999902,-0.0016136603193655972,down
2017-05-17,2382.949951,2357.030029,-25.919922000000042,-0.010877241458270157,down
2017-05-18,2354.689941,2365.719971,11.030029999999897,0.004684281275400368,up
2017-05-19,2371.3701170000004,2381.72998,10.359862999999677,0.004368724614403866,up
2017-05-22,2387.209961,2394.02002,6.81005899999991,0.002852727288867035,up
2017-05-23,2397.040039,2398.419922,1.3798830000000635,0.0005756612228203433,up
2017-05-24,2401.409912,2404.389893,2.9799809999999525,0.0012409297492730397,up
2017-05-25,2409.540039,2415.070068,5.530029000000013,0.002295055865639431,up
2017-05-26,2414.5,2415.820068,1.320067999999992,0.000546725201905153,up
2017-05-30,2411.669922,2412.909912,1.2399900000000343,0.0005141624020304195,up
2017-05-31,2415.6298829999996,2411.800049,-3.8298339999996642,-0.00158543907200028,down
2017-06-01,2415.649902,2430.060059,14.4101569999998,0.005965333382154894,up
2017-06-02,2431.280029,2439.070068,7.790038999999979,0.003204089577128665,up
2017-06-05,2437.830078,2436.100098,-1.7299800000000687,-0.0007096392876649333,down
2017-06-06,2431.919922,2429.330078,-2.5898440000000846,-0.0010649380255375385,down
2017-06-07,2432.030029,2433.139893,1.109864000000016,0.00045635291783644995,up
2017-06-08,2434.27002,2433.790039,-0.4799809999999525,-0.00019717656466062565,down
2017-06-09,2436.389893,2431.77002,-4.619873000000098,-0.001896196094587927,down
2017-06-12,2425.8798829999996,2429.389893,3.5100100000004204,0.0014469018126568227,up
2017-06-13,2434.149902,2440.350098,6.200195999999778,0.0025471709835558753,up
2017-06-14,2443.75,2437.919922,-5.830077999999958,-0.0023857096675191643,down
2017-06-15,2424.139893,2432.459961,8.320067999999992,0.003432173210805698,up
2017-06-16,2431.23999,2433.149902,1.9099120000000767,0.0007855711521099472,up
2017-06-19,2442.550049,2453.459961,10.909912000000077,0.004466607349342415,up
2017-06-20,2450.659912,2437.030029,-13.629883000000063,-0.005561719491659952,down
2017-06-21,2439.310059,2435.610107,-3.6999519999999393,-0.0015168026657163634,down
2017-06-22,2437.399902,2434.5,-2.899902000000111,-0.001189752242797994,down
2017-06-23,2434.649902,2438.300049,3.6501469999998335,0.0014992492337404795,up
2017-06-26,2443.320068,2439.070068,-4.25,-0.0017394364560181725,down
2017-06-27,2436.340088,2419.3798829999996,-16.960205000000315,-0.006961345455643266,down
2017-06-28,2428.699951,2440.689941,11.989990000000034,0.00493679344583642,up
2017-06-29,2442.3798829999996,2419.699951,-22.679931999999553,-0.009285996890926553,down
2017-06-30,2429.199951,2423.409912,-5.790038999999979,-0.0023835168437313947,down
2017-07-03,2431.389893,2429.01001,-2.3798830000000635,-0.0009788158644780808,down
2017-07-05,2430.780029,2432.540039,1.7600099999999657,0.0007240515303739833,up
2017-07-06,2423.439941,2409.75,-13.68994100000009,-0.005648970609253522,down
2017-07-07,2413.52002,2425.179932,11.659912000000077,0.004831081533767463,up
2017-07-10,2424.51001,2427.429932,2.9199220000000423,0.0012043348915684792,up
2017-07-11,2427.350098,2425.530029,-1.8200689999998758,-0.0007498172601881824,down
2017-07-12,2435.75,2443.25,7.5,0.003079133737041979,up
2017-07-13,2444.98999,2447.830078,2.8400879999999233,0.0011615949396994968,up
2017-07-14,2449.159912,2459.27002,10.110107999999855,0.004127990153057778,up
2017-07-17,2459.5,2459.139893,-0.36010699999997087,-0.0001464147184386952,down
2017-07-18,2455.8798829999996,2460.610107,4.730224000000362,0.0019260811706402023,up
2017-07-19,2463.850098,2473.830078,9.979980000000069,0.004050562981936764,up
2017-07-20,2475.560059,2473.449951,-2.1101079999998547,-0.0008523760077354903,down
2017-07-21,2467.399902,2472.540039,5.140136999999868,0.0020832200713931403,up
2017-07-24,2472.040039,2469.909912,-2.130126999999902,-0.0008616879040768248,down
2017-07-25,2477.8798829999996,2477.1298829999996,-0.75,-0.0003026781100833531,down
2017-07-26,2479.969971,2477.830078,-2.139893000000029,-0.0008628705286851351,down
2017-07-27,2482.76001,2475.419922,-7.340087999999923,-0.002956422678968445,down
2017-07-28,2469.1201170000004,2472.100098,2.9799809999994977,0.001206899971970662,up
2017-07-31,2475.939941,2470.300049,-5.639892000000145,-0.0022778791628209954,down
2017-08-01,2477.100098,2476.350098,-0.75,-0.0003027733924057194,down
2017-08-02,2480.3798829999996,2477.570068,-2.8098149999996167,-0.0011328163960921858,down
2017-08-03,2476.030029,2472.159912,-3.8701169999999365,-0.0015630331436501073,down
2017-08-04,2476.8798829999996,2476.830078,-0.049804999999651045,-2.0107959348972213e-05,down
2017-08-07,2477.139893,2480.909912,3.7700190000000475,0.001521924139469683,up
2017-08-08,2478.350098,2474.919922,-3.4301759999998467,-0.0013840562730697166,down
2017-08-09,2465.350098,2474.02002,8.669922000000042,0.0035167102664378025,up
2017-08-10,2465.3798829999996,2438.209961,-27.169921999999588,-0.011020582340007514,down
2017-08-11,2441.040039,2441.320068,0.2800290000000132,0.00011471708596583704,up
2017-08-14,2454.959961,2465.840088,10.880126999999902,0.0044318959057759975,up
2017-08-15,2468.659912,2464.610107,-4.049805000000106,-0.001640487205351478,down
2017-08-16,2468.6298829999996,2468.110107,-0.5197759999996379,-0.0002105524216404529,down
2017-08-17,2462.949951,2430.01001,-32.93994100000009,-0.013374182039966305,down
2017-08-18,2427.639893,2425.550049,-2.0898440000000846,-0.0008608542008335191,down
2017-08-21,2425.5,2428.3701170000004,2.8701170000003913,0.0011833094207381535,up
2017-08-22,2433.75,2452.51001,18.760009999999966,0.007708273240883396,up
2017-08-23,2444.8798829999996,2444.040039,-0.8398439999996299,-0.0003435113544184003,down
2017-08-24,2447.909912,2438.969971,-8.93994100000009,-0.00365207108160935,down
2017-08-25,2444.719971,2443.050049,-1.6699220000000423,-0.0006830729162477326,down
2017-08-28,2447.350098,2444.23999,-3.1101079999998547,-0.0012708063315262771,down
2017-08-29,2431.939941,2446.300049,14.360107999999855,0.005904795491822491,up
2017-08-30,2446.060059,2457.590088,11.530029000000013,0.004713714594854931,up
2017-08-31,2462.649902,2471.649902,9.0,0.0036545998652471063,up
2017-09-01,2474.419922,2476.550049,2.130126999999902,0.0008608591375542208,up
2017-09-05,2470.350098,2457.850098,-12.5,-0.0050600115384940875,down
2017-09-06,2463.830078,2465.540039,1.7099610000000212,0.0006940255398570636,up
2017-09-07,2468.060059,2465.100098,-2.959961000000021,-0.0011993067142779855,down
2017-09-08,2462.25,2461.429932,-0.820067999999992,-0.0003330563508985651,down
2017-09-11,2474.52002,2488.110107,13.59008700000004,0.005492009315002446,up
2017-09-12,2491.939941,2496.47998,4.540038999999979,0.0018218894144688292,up
2017-09-13,2493.889893,2498.3701170000004,4.480224000000362,0.0017964802746808204,up
2017-09-14,2494.560059,2495.6201170000004,1.0600580000004811,0.0004249478765507971,up
2017-09-15,2495.669922,2500.22998,4.560058000000026,0.0018271879465316674,up
2017-09-18,2502.51001,2503.8701170000004,1.3601070000004256,0.000543497126710964,up
2017-09-19,2506.290039,2506.649902,0.35986300000013216,0.00014358394056568013,up
2017-09-20,2506.840088,2508.23999,1.399902000000111,0.0005584329079071721,up
2017-09-21,2507.159912,2500.600098,-6.559814000000188,-0.0026164322301912217,down
2017-09-22,2497.26001,2502.219971,4.959961000000021,0.001986161224757698,up
2017-09-25,2499.389893,2496.659912,-2.7299809999999525,-0.0010922589579344005,down
2017-09-26,2501.040039,2496.840088,-4.1999510000000555,-0.001679281792577514,down
2017-09-27,2503.300049,2507.040039,3.7399900000000343,0.0014940238592229718,up
2017-09-28,2503.409912,2510.060059,6.6501469999998335,0.0026564355154633716,up
2017-09-29,2509.959961,2519.360107,9.40014599999995,0.0037451378293121506,up
2017-10-02,2521.199951,2529.1201170000004,7.920166000000336,0.0031414271592615684,up
2017-10-03,2530.340088,2534.580078,4.239990000000034,0.001675660129682945,up
2017-10-04,2533.47998,2537.73999,4.260009999999966,0.0016814855588477811,up
2017-10-05,2540.860107,2552.070068,11.209961000000021,0.0044118765016290685,up
2017-10-06,2547.439941,2549.330078,1.8901369999998678,0.0007419750980499633,up
2017-10-09,2551.389893,2544.72998,-6.6599129999999604,-0.002610307824089182,down
2017-10-10,2549.98999,2550.639893,0.6499029999999948,0.0002548649220383782,up
2017-10-11,2550.6201170000004,2555.23999,4.619872999999643,0.0018112744305621904,up
2017-10-12,2552.8798829999996,2550.929932,-1.9499509999996008,-0.000763824029867057,down
2017-10-13,2555.659912,2553.169922,-2.4899900000000343,-0.000974304127207374,down
2017-10-16,2555.570068,2557.639893,2.069825000000037,0.000809926922340224,up
2017-10-17,2557.169922,2559.360107,2.1901849999999286,0.0008564878622875999,up
2017-10-18,2562.8701170000004,2561.26001,-1.6101070000004256,-0.0006282436980790725,down
2017-10-19,2553.389893,2562.100098,8.71020499999986,0.0034112318780138056,up
2017-10-20,2567.560059,2575.209961,7.649902000000111,0.0029794442288448575,up
2017-10-23,2578.080078,2564.97998,-13.100097999999889,-0.00508133867205652,down
2017-10-24,2568.659912,2569.1298829999996,0.46997099999953207,0.00018296349695962868,up
2017-10-25,2566.52002,2557.149902,-9.37011799999982,-0.0036509039193077563,down
2017-10-26,2560.080078,2560.399902,0.3198240000001533,0.00012492734221423573,up
2017-10-27,2570.26001,2581.070068,10.810058000000026,0.004205822740867383,up
2017-10-30,2577.75,2572.830078,-4.919922000000042,-0.0019086109979633565,down
2017-10-31,2575.98999,2575.26001,-0.7299800000000687,-0.00028337843036419126,down
2017-11-01,2583.209961,2579.360107,-3.8498540000000503,-0.0014903372385997276,down
2017-11-02,2579.459961,2579.850098,0.39013699999986784,0.00015124755022311736,up
2017-11-03,2581.929932,2587.840088,5.910155999999915,0.0022890458516129537,up
2017-11-06,2587.469971,2591.1298829999996,3.659911999999622,0.001414475159526256,up
2017-11-07,2592.110107,2590.639893,-1.4702139999999417,-0.0005671880974614563,down
2017-11-08,2588.709961,2594.3798829999996,5.669921999999588,0.002190250003059183,up
2017-11-09,2584.0,2584.6201170000004,0.6201170000003913,0.00023998335913327836,up
2017-11-10,2580.179932,2582.300049,2.1201169999999365,0.0008216934693994575,up
2017-11-13,2576.530029,2584.840088,8.31005899999991,0.0032252909558462242,up
2017-11-14,2577.75,2578.8701170000004,1.1201170000003913,0.00043453282901770584,up
2017-11-15,2569.449951,2564.6201170000004,-4.829833999999664,-0.0018797151499759506,down
2017-11-16,2572.949951,2585.639893,12.689941999999974,0.004932059403280625,up
2017-11-17,2582.939941,2578.850098,-4.089843000000201,-0.001583406154777565,down
2017-11-20,2579.48999,2582.139893,2.649902999999995,0.001027297260416969,up
2017-11-21,2589.169922,2599.030029,9.86010699999997,0.0038082116265214247,up
2017-11-22,2600.310059,2597.080078,-3.2299809999999525,-0.0012421522536593596,down
2017-11-24,2600.419922,2602.419922,2.0,0.0007691065520147942,up
2017-11-27,2602.659912,2601.419922,-1.2399900000000343,-0.0004764318204936621,down
2017-11-28,2605.939941,2627.040039,21.10009799999989,0.008096924133985592,up
2017-11-29,2627.820068,2626.070068,-1.75,-0.0006659512275252173,down
2017-11-30,2633.929932,2647.580078,13.65014599999995,0.0051824256348516826,up
2017-12-01,2645.100098,2642.219971,-2.880126999999902,-0.0010888536891959625,down
2017-12-04,2657.189941,2639.439941,-17.75,-0.006679989159269514,down
2017-12-05,2639.780029,2629.570068,-10.209961000000021,-0.003867731738188713,down
2017-12-06,2626.23999,2629.27002,3.030029999999897,0.0011537521367191949,up
2017-12-07,2628.3798829999996,2636.97998,8.60009700000046,0.003272014466259123,up
2017-12-08,2646.209961,2651.5,5.290038999999979,0.001999100252045336,up
2017-12-11,2652.189941,2659.98999,7.8000489999999445,0.0029409843086347577,up
2017-12-12,2661.72998,2664.110107,2.380126999999902,0.000894203025056622,up
2017-12-13,2667.590088,2662.850098,-4.739990000000034,-0.0017768809463352732,down
2017-12-14,2665.8701170000004,2652.01001,-13.860107000000426,-0.005199093125961329,down
2017-12-15,2660.6298829999996,2675.810059,15.180176000000301,0.005705482035285515,up
2017-12-18,2685.919922,2690.159912,4.239990000000034,0.001578598812746002,up
2017-12-19,2692.709961,2681.469971,-11.239990000000034,-0.0041742297398513,down
2017-12-20,2688.179932,2679.25,-8.929932000000008,-0.0033219249551335495,down
2017-12-21,2683.02002,2684.570068,1.5500480000000607,0.0005777250965127203,up
2017-12-22,2684.219971,2683.340088,-0.8798830000000635,-0.00032779839562562565,down
2017-12-26,2679.090088,2680.5,1.4099120000000767,0.000526265244425807,up
2017-12-27,2682.100098,2682.6201170000004,0.5200190000005023,0.00019388500838886375,up
2017-12-28,2686.100098,2687.540039,1.4399410000000898,0.0005360712361658571,up
2017-12-29,2689.149902,2673.610107,-15.53979500000014,-0.005778701659004854,down
2018-01-02,2683.72998,2695.810059,12.080078999999841,0.004501227429743078,up
2018-01-03,2697.850098,2713.060059,15.209961000000021,0.005637808049926731,up
2018-01-04,2719.310059,2723.98999,4.679931000000124,0.0017209994073721492,up
2018-01-05,2731.330078,2743.149902,11.819824000000153,0.004327497469165334,up
2018-01-08,2742.669922,2747.709961,5.040038999999979,0.0018376396516299341,up
2018-01-09,2751.149902,2751.290039,0.14013699999986784,5.093760972384406e-05,up
2018-01-10,2745.550049,2748.22998,2.679931000000124,0.0009760998532793908,up
2018-01-11,2752.969971,2767.560059,14.590087999999923,0.005299762857456872,up
2018-01-12,2770.179932,2786.23999,16.060058000000026,0.005797478284526114,up
2018-01-16,2798.959961,2776.419922,-22.54003899999998,-0.008053005156939427,down
2018-01-17,2784.98999,2802.560059,17.570068999999876,0.006308844578647795,up
2018-01-18,2802.399902,2798.030029,-4.369873000000098,-0.0015593324125088045,down
2018-01-19,2802.600098,2810.300049,7.6999510000000555,0.0027474312177091973,up
2018-01-22,2809.159912,2832.969971,23.81005899999991,0.008475864580827006,up
2018-01-23,2835.050049,2839.1298829999996,4.079833999999664,0.001439069480074517,up
2018-01-24,2845.419922,2837.540039,-7.8798830000000635,-0.0027693216523420627,down
2018-01-25,2846.23999,2839.25,-6.989990000000034,-0.0024558681012699967,down
2018-01-26,2847.47998,2872.8701170000004,25.390137000000323,0.008916704306381223,up
2018-01-29,2867.22998,2853.530029,-13.699951000000056,-0.004778113752842405,down
2018-01-30,2832.73999,2822.429932,-10.310058000000026,-0.0036396061892005932,down
2018-01-31,2832.409912,2823.810059,-8.599853000000167,-0.0030362317839537933,down
2018-02-01,2816.449951,2821.97998,5.530029000000013,0.001963474976019559,up
2018-02-02,2808.919922,2762.1298829999996,-46.790039000000434,-0.016657662126118963,down
2018-02-05,2741.060059,2648.939941,-92.12011799999982,-0.03360747886480361,down
2018-02-06,2614.780029,2695.139893,80.35986400000002,0.030732934743552005,up
2018-02-07,2690.949951,2681.659912,-9.290038999999979,-0.003452326936273063,down
2018-02-08,2685.01001,2581.0,-104.01000999999997,-0.03873728947476064,down
2018-02-09,2601.780029,2619.550049,17.77001999999993,0.006829947113872604,up
2018-02-12,2636.75,2656.0,19.25,0.007300654214468569,up
2018-02-13,2646.27002,2662.939941,16.66992100000016,0.006299402885575584,up
2018-02-14,2651.209961,2698.6298829999996,47.41992199999959,0.01788614357125961,up
2018-02-15,2713.459961,2731.199951,17.739990000000034,0.0065377747433067925,up
2018-02-16,2727.139893,2732.219971,5.080077999999958,0.0018627859953350614,up
2018-02-20,2722.98999,2716.26001,-6.729980000000069,-0.0024715404848036438,down
2018-02-21,2720.530029,2701.330078,-19.199951000000056,-0.0070574302784143445,down
2018-02-22,2710.419922,2703.959961,-6.459961000000021,-0.0023833801351464613,down
2018-02-23,2715.800049,2747.300049,31.5,0.011598792043471239,up
2018-02-26,2757.3701170000004,2779.600098,22.229980999999498,0.008062022890197114,up
2018-02-27,2780.449951,2744.280029,-36.16992200000004,-0.013008657820649274,down
2018-02-28,2753.780029,2713.830078,-39.949951000000056,-0.01450731379387168,down
2018-03-01,2715.219971,2677.669922,-37.550048999999944,-0.013829468478080793,down
2018-03-02,2658.889893,2691.25,32.36010699999997,0.012170532929999735,up
2018-03-05,2681.060059,2720.939941,39.87988200000018,0.0148746693928501,up
2018-03-06,2730.179932,2728.1201170000004,-2.0598149999996167,-0.0007544612631046241,down
2018-03-07,2710.179932,2726.800049,16.620116999999937,0.006132477332504998,up
2018-03-08,2732.75,2738.969971,6.219970999999987,0.00227608489616686,up
2018-03-09,2752.909912,2786.570068,33.660155999999915,0.012227118603945044,up
2018-03-12,2790.540039,2783.02002,-7.5200190000000475,-0.002694825694991595,down
2018-03-13,2792.310059,2765.310059,-27.0,-0.00966941329204301,down
2018-03-14,2774.060059,2749.47998,-24.58007899999984,-0.008860687395809494,down
2018-03-15,2754.27002,2747.330078,-6.939941999999974,-0.0025197028430785353,down
2018-03-16,2750.570068,2752.01001,1.4399419999999736,0.0005235067511103206,up
2018-03-19,2741.3798829999996,2712.919922,-28.459960999999566,-0.010381618825062186,down
2018-03-20,2715.050049,2716.939941,1.8898920000001453,0.000696079985964246,up
2018-03-21,2714.98999,2711.929932,-3.0600580000000264,-0.001127097341526488,down
2018-03-22,2691.360107,2643.689941,-47.67016599999988,-0.01771229568128539,down
2018-03-23,2646.709961,2588.26001,-58.449951000000056,-0.022084003106224777,down
2018-03-26,2619.350098,2658.550049,39.199951000000056,0.014965525620241109,up
2018-03-27,2667.570068,2612.6201170000004,-54.9499509999996,-0.020599253102730346,down
2018-03-28,2611.300049,2605.0,-6.3000489999999445,-0.002412610148884482,down
2018-03-29,2614.409912,2640.8701170000004,26.460205000000315,0.010120909073420127,up
2018-04-02,2633.449951,2581.8798829999996,-51.57006800000045,-0.01958270290286616,down
2018-04-03,2592.169922,2614.449951,22.280029000000013,0.008595126735677019,up
2018-04-04,2584.040039,2644.689941,60.64990200000011,0.02347096062159744,up
2018-04-05,2657.360107,2662.840088,5.4799809999999525,0.00206218983477799,up
2018-04-06,2645.820068,2604.469971,-41.350097000000005,-0.015628461474047603,down
2018-04-09,2617.179932,2613.159912,-4.020019999999931,-0.0015360120834060909,down
2018-04-10,2638.409912,2656.8701170000004,18.460205000000315,0.006996716058425842,up
2018-04-11,2643.889893,2642.189941,-1.6999519999999393,-0.0006429738259905437,down
2018-04-12,2653.830078,2663.98999,10.159912000000077,0.0038283958284385973,up
2018-04-13,2676.899902,2656.300049,-20.599853000000167,-0.007695414006556367,down
2018-04-16,2670.100098,2677.840088,7.739990000000034,0.002898763984839955,up
2018-04-17,2692.73999,2706.389893,13.649902999999995,0.005069150029594946,up
2018-04-18,2710.110107,2708.639893,-1.4702139999999417,-0.0005424923497397746,down
2018-04-19,2701.159912,2693.1298829999996,-8.030029000000468,-0.002972807705433053,down
2018-04-20,2692.560059,2670.139893,-22.42016599999988,-0.00832670971444425,down
2018-04-23,2675.399902,2670.290039,-5.109863000000132,-0.0019099436298028734,down
2018-04-24,2680.800049,2634.560059,-46.239990000000034,-0.017248578467181322,down
2018-04-25,2634.919922,2639.399902,4.479980000000069,0.00170023383351992,up
2018-04-26,2651.649902,2666.939941,15.290038999999979,0.005766235953120171,up
2018-04-27,2675.469971,2669.909912,-5.56005899999991,-0.002078161616563294,down
2018-04-30,2682.51001,2648.050049,-34.45996100000002,-0.012846163060543443,down
2018-05-01,2642.959961,2654.800049,11.840087999999923,0.004479859012135797,up
2018-05-02,2654.23999,2635.669922,-18.570067999999992,-0.006996378650748907,down
2018-05-03,2628.080078,2629.72998,1.649902000000111,0.0006277974608961329,up
2018-05-04,2621.449951,2663.419922,41.96997099999999,0.016010212586355033,up
2018-05-07,2680.340088,2672.6298829999996,-7.710205000000315,-0.0028765771308347176,down
2018-05-08,2670.26001,2671.919922,1.6599120000000767,0.0006216293521169411,up
2018-05-09,2678.1201170000004,2697.790039,19.669921999999588,0.007344675048419266,up
2018-05-10,2705.02002,2723.070068,18.05004800000006,0.006672796454940863,up
2018-05-11,2722.699951,2727.719971,5.020019999999931,0.0018437654131356507,up
2018-05-14,2738.469971,2730.1298829999996,-8.340088000000378,-0.0030455283747204465,down
2018-05-15,2718.590088,2711.449951,-7.140136999999868,-0.00262641176818705,down
2018-05-16,2712.6201170000004,2722.459961,9.83984399999963,0.0036274316253622433,up
2018-05-17,2719.709961,2720.1298829999996,0.41992199999958757,0.00015439955216591845,up
2018-05-18,2717.350098,2712.969971,-4.380126999999902,-0.0016119111789179188,down
2018-05-21,2735.389893,2733.01001,-2.3798830000000635,-0.0008700342887462966,down
2018-05-22,2738.340088,2724.439941,-13.900146999999833,-0.005076121501822689,down
2018-05-23,2713.97998,2733.290039,19.31005899999991,0.007115033693063539,up
2018-05-24,2730.939941,2727.76001,-3.179931000000124,-0.0011644089832439578,down
2018-05-25,2723.600098,2721.330078,-2.2700199999999313,-0.0008334630336027883,down
2018-05-29,2705.110107,2689.860107,-15.25,-0.005637478474734781,down
2018-05-30,2702.429932,2724.01001,21.580077999999958,0.007985434791283965,up
2018-05-31,2720.97998,2705.27002,-15.709960000000137,-0.005773640422007125,down
2018-06-01,2718.699951,2734.6201170000004,15.920166000000336,0.005855801039811155,up
2018-06-04,2741.669922,2746.8701170000004,5.200195000000349,0.0018967254074870174,up
2018-06-05,2748.459961,2748.800049,0.34008799999992334,0.00012373765847990947,up
2018-06-06,2753.25,2772.350098,19.10009799999989,0.006937291564514624,up
2018-06-07,2774.840088,2770.3701170000004,-4.469970999999532,-0.0016108931896040605,down
2018-06-08,2765.840088,2779.030029,13.18994100000009,0.00476887331889742,up
2018-06-11,2780.179932,2782.0,1.820067999999992,0.0006546583474871267,up
2018-06-12,2785.600098,2786.850098,1.25,0.00044873634262774213,up
2018-06-13,2787.939941,2775.6298829999996,-12.310058000000481,-0.0044154674277470315,down
2018-06-14,2783.209961,2782.48999,-0.7199709999999868,-0.0002586836818237396,down
2018-06-15,2777.780029,2779.659912,1.8798830000000635,0.0006767573315288111,up
2018-06-18,2765.790039,2773.75,7.959961000000021,0.002878006243336543,up
2018-06-19,2752.01001,2762.590088,10.580077999999958,0.0038444911034316905,up
2018-06-20,2769.72998,2767.320068,-2.4099120000000767,-0.0008700891485458364,down
2018-06-21,2769.280029,2749.76001,-19.520019000000048,-0.007048770364710577,down
2018-06-22,2760.790039,2754.8798829999996,-5.91015600000037,-0.0021407480889568545,down
2018-06-25,2742.939941,2717.070068,-25.869873000000098,-0.009431439826046157,down
2018-06-26,2722.1201170000004,2723.060059,0.9399419999995189,0.0003452977677691211,up
2018-06-27,2728.449951,2699.6298829999996,-28.820068000000447,-0.010562798848275611,down
2018-06-28,2698.689941,2716.310059,17.62011799999982,0.006529137613145244,up
2018-06-29,2727.1298829999996,2718.3701170000004,-8.759765999999217,-0.003212082436778908,down
2018-07-02,2704.949951,2726.709961,21.760009999999966,0.008044514831764429,up
2018-07-03,2733.27002,2713.219971,-20.050048999999944,-0.007335553696959638,down
2018-07-05,2724.189941,2736.610107,12.420165999999881,0.004559214397304714,up
2018-07-06,2737.679932,2759.820068,22.140135999999984,0.008087189353733402,up
2018-07-09,2775.6201170000004,2784.169922,8.549804999999651,0.0030803224647473074,up
2018-07-10,2788.560059,2793.840088,5.280029000000013,0.00189346074256456,up
2018-07-11,2779.820068,2774.02002,-5.800048000000061,-0.0020864832464401292,down
2018-07-12,2783.139893,2798.290039,15.15014599999995,0.00544354455128352,up
2018-07-13,2796.929932,2801.310059,4.380126999999902,0.0015660481694183186,up
2018-07-16,2797.360107,2798.429932,1.069825000000037,0.000382440929690443,up
2018-07-17,2789.340088,2809.550049,20.20996100000002,0.007245427363606593,up
2018-07-18,2811.350098,2815.6201170000004,4.270019000000502,0.0015188499657293492,up
2018-07-19,2809.3701170000004,2804.48999,-4.880127000000357,-0.0017370893818759716,down
2018-07-20,2804.550049,2801.830078,-2.719970999999987,-0.0009698422037324059,down
2018-07-23,2799.169922,2806.97998,7.810058000000026,0.0027901335816082787,up
2018-07-24,2820.679932,2820.399902,-0.280029999999897,-9.927748158272676e-05,down
2018-07-25,2817.72998,2846.070068,28.340087999999923,0.01005777281753588,up
2018-07-26,2835.48999,2837.439941,1.9499510000000555,0.000687694545520175,up
2018-07-27,2842.350098,2818.820068,-23.530029999999897,-0.008278371484412368,down
2018-07-30,2819.0,2802.600098,-16.39990200000011,-0.005817631074849276,down
2018-07-31,2809.72998,2816.290039,6.56005899999991,0.002334764922855651,up
2018-08-01,2821.169922,2813.360107,-7.8098150000000714,-0.002768289474199233,down
2018-08-02,2800.47998,2827.219971,26.739990999999918,0.00954835999220388,up
2018-08-03,2829.6201170000004,2840.350098,10.729980999999498,0.0037920217401392954,up
2018-08-06,2840.290039,2850.399902,10.109863000000132,0.0035594474019137777,up
2018-08-07,2855.919922,2858.449951,2.530029000000013,0.0008858893348200864,up
2018-08-08,2856.790039,2857.699951,0.9099120000000767,0.0003185085314560202,up
2018-08-09,2857.189941,2853.580078,-3.609863000000132,-0.0012634312294746148,down
2018-08-10,2838.899902,2833.280029,-5.619873000000098,-0.0019795953341084365,down
2018-08-13,2835.459961,2821.929932,-13.530029000000013,-0.004771722819612057,down
2018-08-14,2827.8798829999996,2839.959961,12.080078000000412,0.004271779035814306,up
2018-08-15,2827.949951,2818.3701170000004,-9.579833999999664,-0.003387554294096368,down
2018-08-16,2831.439941,2840.689941,9.25,0.0032668890009134753,up
2018-08-17,2838.320068,2850.1298829999996,11.809814999999617,0.004160846809754374,up
2018-08-20,2853.929932,2857.050049,3.1201169999999365,0.0010932703585379883,up
2018-08-21,2861.51001,2862.959961,1.4499510000000555,0.0005067083445219385,up
2018-08-22,2860.98999,2861.820068,0.8300779999999577,0.00029013663204042095,up
2018-08-23,2860.290039,2856.97998,-3.31005899999991,-0.0011572459278140744,down
2018-08-24,2862.350098,2874.689941,12.3398430000002,0.0043110879443511736,up
2018-08-27,2884.689941,2896.73999,12.050048999999944,0.004177242354102951,up
2018-08-28,2901.449951,2897.52002,-3.929931000000124,-0.0013544714078716584,down
2018-08-29,2900.6201170000004,2914.040039,13.419921999999588,0.004626569994928979,up
2018-08-30,2908.939941,2901.1298829999996,-7.810058000000481,-0.0026848467683783235,down
2018-08-31,2898.3701170000004,2901.52002,3.14990299999954,0.0010867842521299152,up
2018-09-04,2896.959961,2896.719971,-0.23999000000003434,-8.28420148123802e-05,down
2018-09-05,2891.590088,2888.600098,-2.9899900000000343,-0.0010340296892040095,down
2018-09-06,2888.639893,2878.050049,-10.589844000000085,-0.0036660312092422122,down
2018-09-07,2868.26001,2871.679932,3.4199220000000423,0.0011923333268520667,up
2018-09-10,2881.389893,2877.1298829999996,-4.26001000000042,-0.0014784566331511111,down
2018-09-11,2871.570068,2887.889893,16.319825000000037,0.0056832410888606735,up
2018-09-12,2888.290039,2888.919922,0.6298830000000635,0.00021808163013232047,up
2018-09-13,2896.850098,2904.179932,7.329834000000119,0.0025302772846481332,up
2018-09-14,2906.3798829999996,2904.97998,-1.39990299999954,-0.0004816655276854393,down
2018-09-17,2903.830078,2888.800049,-15.030029000000013,-0.005175932680727613,down
2018-09-18,2890.73999,2904.310059,13.570068999999876,0.004694323615040824,up
2018-09-19,2906.600098,2907.949951,1.3498530000001665,0.0004644096038285369,up
2018-09-20,2919.72998,2930.75,11.020019999999931,0.0037743284740323593,up
2018-09-21,2936.76001,2929.669922,-7.090087999999923,-0.0024142551573357617,down
2018-09-24,2921.830078,2919.3701170000004,-2.4599609999995664,-0.0008419247301620688,down
2018-09-25,2921.75,2915.560059,-6.18994100000009,-0.002118573115427429,down
2018-09-26,2916.97998,2905.969971,-11.010009000000082,-0.003774454770169551,down
2018-09-27,2911.649902,2914.0,2.350097999999889,0.0008071361870757938,up
2018-09-28,2910.030029,2913.97998,3.9499510000000555,0.001357357470760332,up
2018-10-01,2926.290039,2924.590088,-1.6999510000000555,-0.000580923619102698,down
2018-10-02,2923.800049,2923.429932,-0.3701169999999365,-0.00012658765777315184,down
2018-10-03,2931.689941,2925.51001,-6.179931000000124,-0.0021079756469376664,down
2018-10-04,2919.350098,2901.610107,-17.739990999999918,-0.006076691867876108,down
2018-10-05,2902.540039,2885.570068,-16.969970999999987,-0.005846593250044048,down
2018-10-08,2877.530029,2884.429932,6.899902999999995,0.0023978561232939942,up
2018-10-09,2882.51001,2880.340088,-2.1699220000000423,-0.000752789059698718,down
2018-10-10,2873.899902,2785.679932,-88.2199700000001,-0.030696952924006225,down
2018-10-11,2776.8701170000004,2728.3701170000004,-48.5,-0.017465707057410778,down
2018-10-12,2770.540039,2767.1298829999996,-3.41015600000037,-0.001230863280081393,down
2018-10-15,2763.830078,2750.790039,-13.040038999999979,-0.004718104453598026,down
2018-10-16,2767.050049,2809.919922,42.8698730000001,0.015492987926074227,up
2018-10-17,2811.669922,2809.209961,-2.459961000000021,-0.0008749110202275091,down
2018-10-18,2802.0,2768.780029,-33.21997099999999,-0.011855806923625976,down
2018-10-19,2775.659912,2767.780029,-7.8798830000000635,-0.002838922364347662,down
2018-10-22,2773.939941,2755.8798829999996,-18.06005800000048,-0.006510616085469343,down
2018-10-23,2721.030029,2740.689941,19.659912000000077,0.007225172743582418,up
2018-10-24,2737.8701170000004,2656.100098,-81.7700190000005,-0.02986628857675665,down
2018-10-25,2674.8798829999996,2705.570068,30.690185000000383,0.011473481555209105,up
2018-10-26,2667.860107,2658.689941,-9.170165999999881,-0.003437273931994771,down
2018-10-29,2682.649902,2641.25,-41.39990200000011,-0.015432465477189244,down
2018-10-30,2640.679932,2682.6298829999996,41.9499509999996,0.015886041504555803,up
2018-10-31,2705.600098,2711.73999,6.139892000000145,0.002269327238914132,up
2018-11-01,2717.580078,2740.3701170000004,22.790039000000434,0.00838615177690467,up
2018-11-02,2745.449951,2723.060059,-22.389892000000145,-0.008155272323155945,down
2018-11-05,2726.3701170000004,2738.310059,11.939941999999519,0.0043794281361687615,up
2018-11-06,2738.399902,2755.449951,17.050048999999944,0.006226281628022036,up
2018-11-07,2774.1298829999996,2813.889893,39.76001000000042,0.01433242554490749,up
2018-11-08,2806.3798829999996,2806.830078,0.45019500000034895,0.00016041841046804175,up
2018-11-09,2794.100098,2781.01001,-13.090087999999923,-0.0046849030245443716,down
2018-11-12,2773.929932,2726.219971,-47.70996100000002,-0.017199411005165945,down
2018-11-13,2730.050049,2722.179932,-7.8701169999999365,-0.0028827738901280255,down
2018-11-14,2737.899902,2701.580078,-36.31982400000015,-0.013265577742074864,down
2018-11-15,2693.52002,2730.199951,36.679931000000124,0.013617842350397725,up
2018-11-16,2718.540039,2736.27002,17.729980999999952,0.006521875986980802,up
2018-11-19,2730.73999,2690.72998,-40.010009999999966,-0.014651709846604606,down
2018-11-20,2654.600098,2641.889893,-12.71020499999986,-0.004787992364490548,down
2018-11-21,2657.73999,2649.929932,-7.810058000000026,-0.0029386087538232158,down
2018-11-23,2633.360107,2632.560059,-0.8000480000000607,-0.00030381260727439915,down
2018-11-26,2649.969971,2673.449951,23.47998000000007,0.008860470215494404,up
2018-11-27,2663.75,2682.169922,18.419922000000042,0.006915034068512451,up
2018-11-28,2691.449951,2743.790039,52.34008799999992,0.019446799662967213,up
2018-11-29,2736.969971,2737.800049,0.8300779999999577,0.00030328356130873956,up
2018-11-30,2737.76001,2760.169922,22.409912000000077,0.008185491759009247,up
2018-12-03,2790.5,2790.3701170000004,-0.12988299999960873,-4.654470524981499e-05,down
2018-12-04,2782.429932,2700.060059,-82.3698730000001,-0.02960357493739041,down
2018-12-06,2663.51001,2695.949951,32.43994100000009,0.012179395188381549,up
2018-12-07,2691.26001,2633.080078,-58.17993200000001,-0.021618101478050798,down
2018-12-10,2630.860107,2637.719971,6.859864000000016,0.0026074605722089866,up
2018-12-11,2664.439941,2636.780029,-27.659912000000077,-0.010381135477806619,down
2018-12-12,2658.22998,2651.070068,-7.159912000000077,-0.002693488544584121,down
2018-12-13,2658.699951,2650.540039,-8.159912000000077,-0.0030691361004956353,down
2018-12-14,2629.679932,2599.949951,-29.729980999999952,-0.011305551157850929,down
2018-12-17,2590.75,2545.939941,-44.81005899999991,-0.017296172536910126,down
2018-12-18,2559.899902,2546.159912,-13.739990000000034,-0.005367393463027694,down
2018-12-19,2547.050049,2506.959961,-40.09008799999992,-0.01573981163650072,down
2018-12-20,2496.77002,2467.419922,-29.35009799999989,-0.011755226859060046,down
2018-12-21,2465.3798829999996,2416.6201170000004,-48.75976599999922,-0.019777790163788413,down
2018-12-24,2400.560059,2351.100098,-49.45996100000002,-0.020603509091375757,down
2018-12-26,2363.1201170000004,2467.699951,104.57983399999966,0.0442549802050539,up
2018-12-27,2442.5,2488.830078,46.33007799999996,0.018968302149437035,up
2018-12-28,2498.77002,2485.73999,-13.030029999999897,-0.0052145775304283095,down
2018-12-31,2498.939941,2506.850098,7.910156999999799,0.0031654050064262025,up
2019-01-02,2476.959961,2510.030029,33.07006799999999,0.01335107087748359,up
2019-01-03,2491.919922,2447.889893,-44.03002900000001,-0.01766911874305406,down
2019-01-04,2474.330078,2531.939941,57.60986300000013,0.023283014466107997,up
2019-01-07,2535.610107,2549.689941,14.079834000000119,0.005552838727503983,up
2019-01-08,2568.110107,2574.409912,6.299805000000106,0.0024530899134069355,up
2019-01-09,2580.0,2584.959961,4.959961000000021,0.0019224655038759771,up
2019-01-10,2573.51001,2596.639893,23.129883000000063,0.008987679437858515,up
2019-01-11,2588.110107,2596.26001,8.149902999999995,0.0031489784680942073,up
2019-01-14,2580.310059,2582.610107,2.3000480000000607,0.0008913843481629666,up
2019-01-15,2585.100098,2610.300049,25.199951000000056,0.009748152893381715,up
2019-01-16,2614.75,2616.100098,1.350097999999889,0.0005163392293717904,up
2019-01-17,2609.280029,2635.959961,26.679932000000008,0.010225016749246736,up
2019-01-18,2651.27002,2670.709961,19.43994100000009,0.007332312760810417,up
2019-01-22,2657.8798829999996,2632.899902,-24.979980999999498,-0.009398461217067536,down
2019-01-23,2643.47998,2638.699951,-4.780029000000013,-0.0018082334786586934,down
2019-01-24,2638.840088,2642.330078,3.4899900000000343,0.0013225469841354155,up
2019-01-25,2657.439941,2664.76001,7.320068999999876,0.0027545567021339036,up
2019-01-28,2644.969971,2643.850098,-1.1198730000000978,-0.00042339724544271503,down
2019-01-29,2644.889893,2640.0,-4.889893000000029,-0.0018488077756815826,down
2019-01-30,2653.6201170000004,2681.050049,27.429931999999553,0.010336796824938883,up
2019-01-31,2685.48999,2704.100098,18.610107999999855,0.0069298742759416705,up
2019-02-01,2702.320068,2706.530029,4.209961000000021,0.0015579061303111416,up
2019-02-04,2706.48999,2724.8701170000004,18.380127000000357,0.006791130603812193,up
2019-02-05,2728.340088,2737.699951,9.359863000000132,0.003430607145043031,up
2019-02-06,2735.050049,2731.610107,-3.4399419999999736,-0.0012577254303838788,down
2019-02-07,2717.530029,2706.050049,-11.479980000000069,-0.004224416980674353,down
2019-02-08,2692.360107,2707.8798829999996,15.519775999999638,0.005764376005887551,up
2019-02-11,2712.399902,2709.800049,-2.5998530000001665,-0.0009585065233497292,down
2019-02-12,2722.610107,2744.72998,22.119873000000098,0.008124509985153044,up
2019-02-13,2750.300049,2753.030029,2.7299800000000687,0.0009926116974010456,up
2019-02-14,2743.5,2745.72998,2.2299800000000687,0.0008128230362675665,up
2019-02-15,2760.23999,2775.600098,15.360107999999855,0.005564772648627504,up
2019-02-19,2769.280029,2779.76001,10.479980999999952,0.003784370266008932,up
2019-02-20,2779.050049,2784.699951,5.649902000000111,0.0020330335547692436,up
2019-02-21,2780.23999,2774.8798829999996,-5.360107000000426,-0.0019279296101342768,down
2019-02-22,2780.669922,2792.669922,12.0,0.00431550681548315,up
2019-02-25,2804.350098,2796.110107,-8.239990999999918,-0.0029382889839169855,down
2019-02-26,2792.360107,2793.899902,1.5397950000001401,0.0005514313845625141,up
2019-02-27,2787.5,2792.3798829999996,4.879882999999609,0.0017506306726455996,up
2019-02-28,2788.110107,2784.48999,-3.6201169999999365,-0.0012984124948692123,down
2019-03-01,2798.219971,2803.689941,5.469970000000103,0.0019548034309987785,up
2019-03-04,2814.3701170000004,2792.810059,-21.56005800000048,-0.007660704563969217,down
2019-03-05,2794.409912,2789.649902,-4.760009999999966,-0.0017034043500773145,down
2019-03-06,2790.27002,2771.449951,-18.820068999999876,-0.006744891664642505,down
2019-03-07,2766.530029,2748.929932,-17.600097000000005,-0.006361795034034675,down
2019-03-08,2730.790039,2743.070068,12.280029000000013,0.004496877762340487,up
2019-03-11,2747.610107,2783.300049,35.689941999999974,0.01298944923410852,up
2019-03-12,2787.340088,2791.52002,4.179932000000008,0.001499613203998811,up
2019-03-13,2799.780029,2810.919922,11.13989300000003,0.0039788457966745605,up
2019-03-14,2810.3798829999996,2808.47998,-1.89990299999954,-0.0006760306716867929,down
2019-03-15,2810.790039,2822.47998,11.68994100000009,0.004158952051843418,up
2019-03-18,2822.610107,2832.939941,10.329834000000119,0.0036596744177959254,up
2019-03-19,2840.76001,2832.570068,-8.189941999999974,-0.0028830108742624737,down
2019-03-20,2831.340088,2824.22998,-7.110107999999855,-0.0025112165190379118,down
2019-03-21,2819.719971,2854.8798829999996,35.15991199999962,0.012469292114681278,up
2019-03-22,2844.52002,2800.709961,-43.81005899999991,-0.015401564654834074,down
2019-03-25,2796.01001,2798.360107,2.350097000000005,0.000840518092422711,up
2019-03-26,2812.659912,2818.459961,5.8000489999999445,0.0020621223971140183,up
2019-03-27,2819.719971,2805.3701170000004,-14.349853999999596,-0.0050891060628657,down
2019-03-28,2809.399902,2815.439941,6.040038999999979,0.002149939207907034,up
2019-03-29,2828.27002,2834.399902,6.12988200000018,0.0021673609509180384,up
2019-04-01,2848.6298829999996,2867.189941,18.56005800000048,0.0065154333003254825,up
2019-04-02,2868.23999,2867.23999,-1.0,-0.00034864586069731216,down
2019-04-03,2876.090088,2873.399902,-2.6901859999998123,-0.0009353622166510566,down
2019-04-04,2873.98999,2879.389893,5.399902999999995,0.0018788871982118472,up
2019-04-05,2884.159912,2892.73999,8.580077999999958,0.002974896767790578,up
2019-04-08,2888.459961,2895.77002,7.31005899999991,0.0025307807962375666,up
2019-04-09,2886.580078,2878.199951,-8.380126999999902,-0.002903133387453491,down
2019-04-10,2881.3701170000004,2888.209961,6.83984399999963,0.002373816525563567,up
2019-04-11,2891.919922,2888.320068,-3.5998540000000503,-0.0012447972617134072,down
2019-04-12,2900.860107,2907.409912,6.549805000000106,0.0022578837856382385,up
2019-04-15,2908.320068,2905.580078,-2.7399900000000343,-0.0009421212025966168,down
2019-04-16,2912.26001,2907.060059,-5.1999510000000555,-0.0017855380296212136,down
2019-04-17,2916.040039,2900.449951,-15.590087999999923,-0.005346321652478491,down
2019-04-18,2904.810059,2905.030029,0.21997000000010303,7.572612168515733e-05,up
2019-04-22,2898.780029,2907.969971,9.189941999999974,0.003170279189197482,up
2019-04-23,2909.98999,2933.679932,23.689941999999974,0.008140901543101176,up
2019-04-24,2934.0,2927.25,-6.75,-0.0023006134969325155,down
2019-04-25,2928.98999,2926.169922,-2.820067999999992,-0.0009628124403388596,down
2019-04-26,2925.810059,2939.8798829999996,14.069823999999699,0.004808864456774943,up
2019-04-29,2940.580078,2943.030029,2.4499510000000555,0.0008331522811874452,up
2019-04-30,2937.139893,2945.830078,8.690184999999929,0.0029587235598518796,up
2019-05-01,2952.330078,2923.72998,-28.60009799999989,-0.009687296895804578,down
2019-05-02,2922.159912,2917.52002,-4.639892000000145,-0.0015878295985603628,down
2019-05-03,2929.209961,2945.639893,16.429932000000008,0.005608997722509113,up
2019-05-06,2908.889893,2932.469971,23.580077999999958,0.008106211945919109,up
2019-05-07,2913.030029,2884.050049,-28.97998000000007,-0.00994839727414292,down
2019-05-08,2879.610107,2879.419922,-0.19018499999992855,-6.604539952739115e-05,down
2019-05-09,2859.840088,2870.719971,10.879883000000063,0.003804367609801847,up
2019-05-10,2863.100098,2881.399902,18.299804000000222,0.0063916046849998125,up
2019-05-13,2840.189941,2811.8701170000004,-28.3198239999997,-0.009971102140453535,down
2019-05-14,2820.1201170000004,2834.409912,14.289794999999685,0.005067087360520283,up
2019-05-15,2820.3798829999996,2850.959961,30.580078000000412,0.010842538689317555,up
2019-05-16,2855.800049,2876.320068,20.520019000000048,0.007185383657089519,up
2019-05-17,2858.600098,2859.530029,0.9299310000001242,0.00032530993077721645,up
2019-05-20,2841.939941,2840.22998,-1.7099610000000212,-0.0006016879439747531,down
2019-05-21,2854.02002,2864.360107,10.34008700000004,0.003622990353095014,up
2019-05-22,2856.060059,2856.27002,0.20996100000002116,7.351421036766831e-05,up
2019-05-23,2836.699951,2822.23999,-14.459961000000021,-0.005097458754812105,down
2019-05-24,2832.409912,2826.060059,-6.3498530000001665,-0.0022418552389249532,down
2019-05-28,2830.030029,2802.389893,-27.640135999999984,-0.009766728874522478,down
2019-05-29,2790.25,2783.02002,-7.229980000000069,-0.002591158498342467,down
2019-05-30,2786.939941,2788.860107,1.920165999999881,0.0006889872191902685,up
2019-05-31,2766.149902,2752.060059,-14.0898430000002,-0.005093665744511123,down
2019-06-03,2751.530029,2744.449951,-7.080077999999958,-0.0025731421883020845,down
2019-06-04,2762.639893,2803.27002,40.6301269999999,0.014706993518391179,up
2019-06-05,2818.090088,2826.149902,8.059814000000188,0.0028600270922212578,up
2019-06-06,2828.51001,2843.48999,14.979980000000069,0.005296067522136882,up
2019-06-07,2852.8701170000004,2873.340088,20.469970999999532,0.007175220097830878,up
2019-06-10,2885.830078,2886.72998,0.899902000000111,0.0003118347150306855,up
2019-06-11,2903.27002,2885.719971,-17.550048999999944,-0.006044924818946033,down
2019-06-12,2882.72998,2879.840088,-2.8898920000001453,-0.0010024844574586709,down
2019-06-13,2886.23999,2891.639893,5.399902999999995,0.0018709126817967742,up
2019-06-14,2886.820068,2886.97998,0.15991200000007666,5.5393823041719504e-05,up
2019-06-17,2889.75,2889.669922,-0.08007799999995768,-2.7711047668468788e-05,down
2019-06-18,2906.709961,2917.75,11.040038999999979,0.0037981219826287234,up
2019-06-19,2920.550049,2926.459961,5.909912000000077,0.0020235612815550407,up
2019-06-20,2949.600098,2954.179932,4.579834000000119,0.0015526965852440512,up
2019-06-21,2952.709961,2950.459961,-2.25,-0.0007620118568089864,down
2019-06-24,2951.419922,2945.350098,-6.069824000000153,-0.0020565775661929523,down
2019-06-25,2945.780029,2917.3798829999996,-28.400146000000404,-0.00964095951510723,down
2019-06-26,2926.070068,2913.780029,-12.290038999999979,-0.004200186159041759,down
2019-06-27,2919.659912,2924.919922,5.260009999999966,0.0018015831153419507,up
2019-06-28,2932.939941,2941.76001,8.820068999999876,0.003007245009249194,up
2019-07-01,2971.409912,2964.330078,-7.079834000000119,-0.0023826514044421477,down
2019-07-02,2964.659912,2973.01001,8.350097999999889,0.0028165449825126145,up
2019-07-03,2978.080078,2995.820068,17.739990000000034,0.005956854596036835,up
2019-07-05,2984.25,2990.409912,6.159912000000077,0.002064140738879141,up
2019-07-08,2979.77002,2975.949951,-3.820068999999876,-0.0012820012867972529,down
2019-07-09,2965.52002,2979.6298829999996,14.109862999999677,0.004757972600029751,up
2019-07-10,2989.300049,2993.070068,3.7700190000000475,0.0012611711565258291,up
2019-07-11,2999.6201170000004,2999.909912,0.2897949999996854,9.661056690389084e-05,up
2019-07-12,3003.360107,3013.77002,10.40991299999996,0.0034660888568564716,up
2019-07-15,3017.800049,3014.300049,-3.5,-0.0011597852552092658,down
2019-07-16,3012.1298829999996,3004.040039,-8.08984399999963,-0.0026857553672095854,down
2019-07-17,3005.100098,2984.419922,-20.680175999999847,-0.006881692897272617,down
2019-07-18,2978.8701170000004,2995.110107,16.23998999999958,0.005451728125815288,up
2019-07-19,3004.26001,2976.610107,-27.649902999999995,-0.00920356524001396,down
2019-07-22,2981.929932,2985.030029,3.100097000000005,0.0010396277144985595,up
2019-07-23,2994.73999,3005.469971,10.729980999999952,0.003582942437683865,up
2019-07-24,2998.77002,3019.560059,20.79003899999998,0.006932855424505004,up
2019-07-25,3016.26001,3003.669922,-12.590087999999923,-0.004174072513065584,down
2019-07-26,3013.25,3025.860107,12.61010699999997,0.004184885754583911,up
2019-07-29,3024.469971,3020.969971,-3.5,-0.0011572275584018354,down
2019-07-30,3007.659912,3013.179932,5.520019999999931,0.001835320535402319,up
2019-07-31,3016.219971,2980.3798829999996,-35.84008800000038,-0.011882451659557817,down
2019-08-01,2980.320068,2953.560059,-26.760009000000082,-0.008978904409403883,down
2019-08-02,2943.899902,2932.050049,-11.849853000000167,-0.004025222797809708,down
2019-08-05,2898.070068,2844.73999,-53.33007799999996,-0.018401928438122207,down
2019-08-06,2861.179932,2881.77002,20.590087999999923,0.007196362511045294,up
2019-08-07,2858.649902,2883.97998,25.330077999999958,0.008860853503704056,up
2019-08-08,2896.209961,2938.090088,41.8801269999999,0.014460321442144194,up
2019-08-09,2930.51001,2918.649902,-11.860107999999855,-0.0040471139697625036,down
2019-08-12,2907.070068,2882.699951,-24.370116999999937,-0.0083830511236236,down
2019-08-13,2880.719971,2926.320068,45.600097000000005,0.015829409820827048,up
2019-08-14,2894.149902,2840.600098,-53.54980400000022,-0.018502774843485014,down
2019-08-15,2846.199951,2847.600098,1.4001469999998335,0.0004919355716761565,up
2019-08-16,2864.73999,2888.679932,23.939941999999974,0.00835675910678371,up
2019-08-19,2913.47998,2923.649902,10.169922000000042,0.0034906442020583377,up
2019-08-20,2919.01001,2900.51001,-18.5,-0.006337765179503444,down
2019-08-21,2922.040039,2924.429932,2.389893000000029,0.000817885096748337,up
2019-08-22,2930.939941,2922.949951,-7.989990000000034,-0.002726084519246051,down
2019-08-23,2911.070068,2847.110107,-63.95996100000002,-0.021971288737801697,down
2019-08-26,2866.699951,2878.3798829999996,11.679931999999553,0.004074347577229073,up
2019-08-27,2893.139893,2869.159912,-23.979980999999952,-0.008288566017156624,down
2019-08-28,2861.280029,2887.939941,26.659912000000077,0.009317477398155102,up
2019-08-29,2910.3701170000004,2924.580078,14.209960999999566,0.004882527111241489,up
2019-08-30,2937.090088,2926.459961,-10.630126999999902,-0.0036192716877943795,down
2019-09-03,2909.01001,2906.27002,-2.7399900000000343,-0.0009418977557935713,down
2019-09-04,2924.669922,2937.780029,13.11010699999997,0.004482593711304961,up
2019-09-05,2960.600098,2976.0,15.399902000000111,0.005201615040951779,up
2019-09-06,2980.330078,2978.709961,-1.6201169999999365,-0.0005436032109192224,down
2019-09-09,2988.429932,2978.429932,-10.0,-0.003346238736575471,down
2019-09-10,2971.01001,2979.389893,8.379883000000063,0.0028205502410946315,up
2019-09-11,2981.409912,3000.929932,19.52001999999993,0.006547244617867874,up
2019-09-12,3009.080078,3009.570068,0.48999000000003434,0.00016283714201640941,up
2019-09-13,3012.209961,3007.389893,-4.820067999999992,-0.0016001766352302397,down
2019-09-16,2996.409912,2997.959961,1.5500489999999445,0.0005173020532979549,up
2019-09-17,2995.669922,3005.699951,10.030029000000013,0.0033481756205315377,up
2019-09-18,3001.5,3006.72998,5.229980000000069,0.001742455438947216,up
2019-09-19,3010.360107,3006.790039,-3.570067999999992,-0.0011859272223607074,down
2019-09-20,3008.419922,2992.070068,-16.34985400000005,-0.0054346980886666426,down
2019-09-23,2983.5,2991.780029,8.280029000000013,0.0027752736718619116,up
2019-09-24,3002.429932,2966.600098,-35.82983400000012,-0.011933612044739007,down
2019-09-25,2968.350098,2984.8701170000004,16.520019000000502,0.005565387657989291,up
2019-09-26,2985.72998,2977.6201170000004,-8.109862999999677,-0.0027162077797804334,down
2019-09-27,2985.469971,2961.790039,-23.679932000000008,-0.007931726739850035,down
2019-09-30,2967.070068,2976.73999,9.669922000000042,0.0032590811064054865,up
2019-10-01,2983.689941,2940.25,-43.43994100000009,-0.014559133776963754,down
2019-10-02,2924.780029,2887.610107,-37.16992200000004,-0.012708621377146323,down
2019-10-03,2885.3798829999996,2910.6298829999996,25.25,0.0087510140861407,up
2019-10-04,2918.560059,2952.01001,33.449951000000056,0.011461114496119423,up
2019-10-07,2944.22998,2938.790039,-5.43994100000009,-0.0018476617101766248,down
2019-10-08,2920.399902,2893.060059,-27.3398430000002,-0.009361677824080478,down
2019-10-09,2911.100098,2919.399902,8.299804000000222,0.002851088495961509,up
2019-10-10,2918.550049,2938.1298829999996,19.579833999999664,0.0067087538919226065,up
2019-10-11,2963.070068,2970.27002,7.199951999999939,0.002429895964242159,up
2019-10-14,2965.810059,2966.149902,0.33984300000020085,0.00011458690652454924,up
2019-10-15,2973.610107,2995.679932,22.069825000000037,0.007421896013887888,up
2019-10-16,2989.679932,2989.689941,0.010009000000081869,3.347850013290944e-06,up
2019-10-17,3000.77002,2997.949951,-2.820068999999876,-0.0009397817830770903,down
2019-10-18,2996.840088,2986.199951,-10.640136999999868,-0.003550452038667426,down
2019-10-21,2996.47998,3006.719971,10.239990999999918,0.0034173400350900785,up
2019-10-22,3010.72998,2995.98999,-14.739990000000034,-0.004895819318874964,down
2019-10-23,2994.01001,3004.52002,10.510009999999966,0.0035103456451035598,up
2019-10-24,3014.780029,3010.290039,-4.489990000000034,-0.0014893259066364986,down
2019-10-25,3003.320068,3022.550049,19.229980999999952,0.006402907637082373,up
2019-10-28,3032.1201170000004,3039.419922,7.299804999999651,0.00240749202482853,up
2019-10-29,3035.389893,3036.889893,1.5,0.0004941704535088533,up
2019-10-30,3039.73999,3046.77002,7.030029999999897,0.0023127076733954134,up
2019-10-31,3046.899902,3037.560059,-9.3398430000002,-0.0030653593161591827,down
2019-11-01,3050.719971,3066.909912,16.18994100000009,0.005306924645297145,up
2019-11-04,3078.959961,3078.27002,-0.6899410000000898,-0.0002240824852350491,down
2019-11-05,3080.800049,3074.6201170000004,-6.179931999999553,-0.002005950370588154,down
2019-11-06,3075.100098,3076.780029,1.6799310000001242,0.0005463012410856891,up
2019-11-07,3087.02002,3085.179932,-1.8400879999999233,-0.0005960725839412999,down
2019-11-08,3081.25,3093.080078,11.830077999999958,0.003839376227180514,up
2019-11-11,3080.330078,3087.01001,6.679932000000008,0.002168576688488255,up
2019-11-12,3089.280029,3091.840088,2.56005899999991,0.0008286911435570317,up
2019-11-13,3084.179932,3094.040039,9.86010699999997,0.003196994733574439,up
2019-11-14,3090.75,3096.6298829999996,5.879882999999609,0.0019024130065516812,up
2019-11-15,3107.919922,3120.459961,12.540038999999979,0.004034865541815584,up
2019-11-18,3117.909912,3122.030029,4.1201169999999365,0.0013214355501878709,up
2019-11-19,3127.449951,3120.179932,-7.2700190000000475,-0.002324583642873474,down
2019-11-20,3114.659912,3108.459961,-6.1999510000000555,-0.001990570776640238,down
2019-11-21,3108.48999,3103.540039,-4.9499510000000555,-0.0015923972783969157,down
2019-11-22,3111.409912,3110.290039,-1.1198730000000978,-0.00035992461028069704,down
2019-11-25,3117.439941,3133.639893,16.19995199999994,0.005196556246983665,up
2019-11-26,3134.850098,3140.52002,5.669922000000042,0.0018086740426974134,up
2019-11-27,3145.48999,3153.6298829999996,8.139892999999574,0.0025877980937397847,up
2019-11-29,3147.179932,3140.97998,-6.199951999999939,-0.001970002393876455,down
2019-12-02,3143.850098,3113.8701170000004,-29.979980999999498,-0.009536072034436897,down
2019-12-03,3087.409912,3093.199951,5.790038999999979,0.0018753709954403939,up
2019-12-04,3103.5,3112.76001,9.260009999999966,0.0029837312711454697,up
2019-12-05,3119.209961,3117.429932,-1.7800290000000132,-0.0005706666182321843,down
2019-12-06,3134.6201170000004,3145.909912,11.289794999999685,0.0036016469551674495,up
2019-12-09,3141.860107,3135.959961,-5.90014599999995,-0.0018779149290748323,down
2019-12-10,3135.360107,3132.52002,-2.8400870000000396,-0.0009058248185461268,down
2019-12-11,3135.75,3141.6298829999996,5.879882999999609,0.0018751121741208989,up
2019-12-12,3141.22998,3168.570068,27.340087999999923,0.00870362506854717,up
2019-12-13,3166.649902,3168.800049,2.1501469999998335,0.0006789973841572568,up
2019-12-16,3183.6298829999996,3191.449951,7.820068000000447,0.0024563370389749694,up
2019-12-17,3195.399902,3192.52002,-2.8798820000001797,-0.0009012587119996036,down
2019-12-18,3195.209961,3191.139893,-4.070067999999992,-0.001273802989374191,down
2019-12-19,3192.320068,3205.3701170000004,13.0500490000004,0.004087951308772213,up
2019-12-20,3223.330078,3221.219971,-2.110106999999971,-0.0006546357180116168,down
2019-12-23,3226.050049,3224.01001,-2.040038999999979,-0.0006323643368869442,down
2019-12-24,3225.449951,3223.3798829999996,-2.0700680000004468,-0.0006417920077658173,down
2019-12-26,3227.199951,3239.909912,12.709961000000021,0.003938386586818593,up
2019-12-27,3247.22998,3240.02002,-7.209960000000137,-0.002220341658708182,down
2019-12-30,3240.090088,3221.290039,-18.800048999999944,-0.005802322926028452,down
2019-12-31,3215.179932,3230.780029,15.600097000000005,0.004852013675731043,up
2020-01-02,3244.669922,3257.850098,13.180175999999847,0.0040621007118886365,up
2020-01-03,3226.360107,3234.850098,8.489990999999918,0.0026314455666556873,up
2020-01-06,3217.550049,3246.280029,28.72998000000007,0.008929147818206968,up
2020-01-07,3241.860107,3237.179932,-4.680174999999963,-0.0014436696358039248,down
2020-01-08,3238.590088,3253.050049,14.459961000000021,0.0044648938603186455,up
2020-01-09,3266.030029,3274.699951,8.669922000000042,0.0026545751028059644,up
2020-01-10,3281.810059,3265.350098,-16.45996100000002,-0.005015512995598391,down
2020-01-13,3271.1298829999996,3288.1298829999996,17.0,0.005196981045707992,up
2020-01-14,3285.350098,3283.149902,-2.200195999999778,-0.000669699098838561,down
2020-01-15,3282.27002,3289.290039,7.0200190000000475,0.002138769497093371,up
2020-01-16,3302.969971,3316.810059,13.840087999999923,0.004190194921999163,up
2020-01-17,3323.659912,3329.6201170000004,5.960205000000315,0.0017932656041254784,up
2020-01-21,3321.030029,3320.790039,-0.23999000000003434,-7.226372477947695e-05,down
2020-01-22,3330.02002,3321.75,-8.270019999999931,-0.0024834745588105897,down
2020-01-23,3315.77002,3325.540039,9.770019000000048,0.002946530953917017,up
2020-01-24,3333.100098,3295.469971,-37.6301269999999,-0.01128982805604295,down
2020-01-27,3247.159912,3243.6298829999996,-3.530029000000468,-0.0010871127679776763,down
2020-01-28,3255.350098,3276.23999,20.889892000000145,0.006417095357219593,up
2020-01-29,3289.459961,3273.399902,-16.06005899999991,-0.004882278304162009,down
2020-01-30,3256.449951,3283.659912,27.20996100000002,0.00835571294183235,up
2020-01-31,3282.330078,3225.52002,-56.810058000000026,-0.017307844320951327,down
2020-02-03,3235.659912,3248.919922,13.260009999999966,0.004098085200741568,up
2020-02-04,3280.610107,3297.590088,16.979980999999952,0.00517586072290911,up
2020-02-05,3324.909912,3334.689941,9.780029000000013,0.00294144180108541,up
2020-02-06,3344.919922,3345.780029,0.8601069999999709,0.00025713829330948354,up
2020-02-07,3335.540039,3327.709961,-7.830077999999958,-0.002347469347826335,down
2020-02-10,3318.280029,3352.090088,33.81005899999991,0.010189031276600528,up
2020-02-11,3365.8701170000004,3357.75,-8.120117000000391,-0.0024124867323275833,down
2020-02-12,3370.5,3379.4499509999996,8.9499509999996,0.002655377837116036,up
2020-02-13,3365.899902,3373.9399409999996,8.040038999999524,0.0023886744211324214,up
2020-02-14,3378.080078,3380.1599119999996,2.0798339999996642,0.000615685227104218,up
2020-02-18,3369.040039,3370.290039,1.25,0.00037102556975577693,up
2020-02-19,3380.389893,3386.149902,5.760009000000082,0.0017039481190994324,up
2020-02-20,3380.4499509999996,3373.2299799999996,-7.219970999999987,-0.0021358017733302593,down
2020-02-21,3360.5,3337.75,-22.75,-0.006769825918762089,down
2020-02-24,3257.610107,3225.889893,-31.72021399999994,-0.009737265344259304,down
2020-02-25,3238.939941,3128.209961,-110.72998000000007,-0.03418710504579871,down
2020-02-26,3139.899902,3116.389893,-23.510009000000082,-0.00748750270192533,down
2020-02-27,3062.540039,2978.76001,-83.78002900000001,-0.027356386506984704,down
2020-02-28,2916.899902,2954.219971,37.320068999999876,0.012794429104135873,up
2020-03-02,2974.280029,3090.22998,115.94995100000006,0.03898420789887234,up
2020-03-03,3096.459961,3003.3701170000004,-93.08984399999963,-0.030063312677208433,down
2020-03-04,3045.75,3130.1201170000004,84.37011700000039,0.02770093310350501,up
2020-03-05,3075.699951,3023.939941,-51.760009999999966,-0.016828692923433988,down
2020-03-06,2954.199951,2972.3701170000004,18.170166000000336,0.006150621590068646,up
2020-03-09,2863.889893,2746.560059,-117.32983400000012,-0.04096869585900666,down
2020-03-10,2813.47998,2882.22998,68.75,0.024435930054138858,up
2020-03-11,2825.600098,2741.3798829999996,-84.22021500000028,-0.02980613394641816,down
2020-03-12,2630.860107,2480.639893,-150.22021399999994,-0.057099278521235315,down
2020-03-13,2569.98999,2711.02002,141.0300299999999,0.054875711792169234,up
2020-03-16,2508.590088,2386.1298829999996,-122.46020500000031,-0.04881634731229964,down
2020-03-17,2425.659912,2529.189941,103.53002900000001,0.042681180691417554,up
2020-03-18,2436.5,2398.100098,-38.39990200000011,-0.015760271701210797,down
2020-03-19,2393.47998,2409.389893,15.90991299999996,0.006647188667941129,up
2020-03-20,2431.939941,2304.919922,-127.02001900000005,-0.05222991606765179,down
2020-03-23,2290.709961,2237.399902,-53.31005899999991,-0.023272286717925486,down
2020-03-24,2344.439941,2447.330078,102.89013699999987,0.043886872596153176,up
2020-03-25,2457.77002,2475.560059,17.79003899999998,0.007238284646339684,up
2020-03-26,2501.290039,2630.070068,128.780029,0.05148544430756437,up
2020-03-27,2555.8701170000004,2541.469971,-14.400146000000404,-0.005634146236234743,down
2020-03-30,2558.97998,2626.649902,67.66992200000004,0.02644409980886214,up
2020-03-31,2614.689941,2584.590088,-30.099853000000167,-0.011511824988506416,down
2020-04-01,2498.080078,2470.5,-27.580077999999958,-0.011040509967190875,down
2020-04-02,2458.540039,2526.899902,68.35986300000013,0.027805063946733686,up
2020-04-03,2514.919922,2488.649902,-26.27001999999993,-0.010445668575844193,down
2020-04-06,2578.280029,2663.679932,85.399903,0.033122819103991126,up
2020-04-07,2738.649902,2659.409912,-79.23999000000003,-0.028933961198228407,down
2020-04-08,2685.0,2749.97998,64.97998000000007,0.024201109869646208,up
2020-04-09,2776.98999,2789.820068,12.830077999999958,0.004620138367873612,up
2020-04-13,2782.459961,2761.6298829999996,-20.830078000000412,-0.007486209430490494,down
2020-04-14,2805.100098,2846.060059,40.95996100000002,0.014601960560767135,up
2020-04-15,2795.639893,2783.360107,-12.279786000000058,-0.004392477740336802,down
2020-04-16,2799.340088,2799.550049,0.20996100000002116,7.500374852632809e-05,up
2020-04-17,2842.429932,2874.560059,32.1301269999999,0.01130375339714791,up
2020-04-20,2845.6201170000004,2823.159912,-22.460205000000315,-0.00789290350662794,down
2020-04-21,2784.810059,2736.560059,-48.25,-0.017326136784110203,down
2020-04-22,2787.889893,2799.310059,11.420165999999881,0.004096347574082575,up
2020-04-23,2810.419922,2797.800049,-12.619873000000098,-0.004490386970719779,down
2020-04-24,2812.639893,2836.73999,24.100097000000005,0.008568497183012828,up
2020-04-27,2854.649902,2878.47998,23.830077999999958,0.008347811051472314,up
2020-04-28,2909.959961,2863.389893,-46.57006799999999,-0.016003679990152272,down
2020-04-29,2918.459961,2939.51001,21.050048999999944,0.007212724958127306,up
2020-04-30,2930.909912,2912.429932,-18.47998000000007,-0.006305202327897436,down
2020-05-01,2869.090088,2830.709961,-38.3801269999999,-0.013377107662295162,down
2020-05-04,2815.01001,2842.73999,27.72998000000007,0.009850757155922181,up
2020-05-05,2868.8798829999996,2868.439941,-0.4399419999995189,-0.00015334974552488748,down
2020-05-06,2883.139893,2848.419922,-34.71997099999999,-0.012042416354578181,down
2020-05-07,2878.26001,2881.189941,2.929931000000124,0.0010179521620078112,up
2020-05-08,2908.830078,2929.800049,20.969970999999987,0.007209073901772267,up
2020-05-11,2915.459961,2930.189941,14.729980000000069,0.005052369161999295,up
2020-05-12,2939.5,2870.1201170000004,-69.37988299999961,-0.023602613709814462,down
2020-05-13,2865.860107,2820.0,-45.86010699999997,-0.016002214095511665,down
2020-05-14,2794.540039,2852.5,57.95996100000002,0.020740429620303615,up
2020-05-15,2829.949951,2863.699951,33.75,0.01192600596631541,up
2020-05-18,2913.860107,2953.909912,40.049805000000106,0.013744587430188564,up
2020-05-19,2948.590088,2922.939941,-25.650146999999833,-0.008699122711016803,down
2020-05-20,2953.6298829999996,2971.610107,17.980224000000362,0.006087500706668725,up
2020-05-21,2969.949951,2948.51001,-21.43994100000009,-0.007218957003898713,down
2020-05-22,2948.050049,2955.449951,7.399902000000111,0.0025101005332355915,up
2020-05-26,3004.080078,2991.77002,-12.310058000000026,-0.004097779579895748,down
2020-05-27,3015.649902,3036.1298829999996,20.479980999999498,0.006791232956589898,up
2020-05-28,3046.610107,3029.72998,-16.880126999999902,-0.00554062594396819,down
2020-05-29,3025.169922,3044.310059,19.140136999999868,0.006326962614829233,up
2020-06-01,3038.780029,3055.72998,16.949951000000056,0.005577880214507641,up
2020-06-02,3064.780029,3080.820068,16.04003899999998,0.005233667293647057,up
2020-06-03,3098.899902,3122.8701170000004,23.97021500000028,0.007735072366980984,up
2020-06-04,3111.560059,3112.350098,0.7900389999999788,0.0002539044675402741,up
2020-06-05,3163.840088,3193.929932,30.089844000000085,0.009510545148639664,up
2020-06-08,3199.919922,3232.389893,32.46997099999999,0.010147119862832614,up
2020-06-09,3213.320068,3207.179932,-6.140135999999984,-0.001910838593748198,down
2020-06-10,3213.419922,3190.139893,-23.280029000000013,-0.0072446270842532025,down
2020-06-11,3123.530029,3002.100098,-121.42993100000012,-0.03887586476601795,down
2020-06-12,3071.040039,3041.310059,-29.72998000000007,-0.00968075297698848,down
2020-06-15,2993.76001,3066.590088,72.83007799999996,0.024327293355755647,up
2020-06-16,3131.0,3124.73999,-6.260009999999966,-0.001999364420312988,down
2020-06-17,3136.1298829999996,3113.48999,-22.639892999999574,-0.007219054645256725,down
2020-06-18,3101.639893,3115.340088,13.700194999999894,0.004417081115999141,up
2020-06-19,3140.290039,3097.73999,-42.550048999999944,-0.013549719443605808,down
2020-06-22,3094.419922,3117.860107,23.44018499999993,0.0075749851638913825,up
2020-06-23,3138.699951,3131.290039,-7.409912000000077,-0.0023608220332240596,down
2020-06-24,3114.399902,3050.330078,-64.06982400000015,-0.020572124973050474,down
2020-06-25,3046.600098,3083.76001,37.15991200000008,0.012197174162895362,up
2020-06-26,3073.199951,3009.050049,-64.14990200000011,-0.02087397599337008,down
2020-06-29,3018.590088,3053.23999,34.64990200000011,0.011478836473274774,up
2020-06-30,3050.199951,3100.290039,50.09008799999992,0.016421903089854164,up
2020-07-01,3105.919922,3115.860107,9.940184999999929,0.003200399639923469,up
2020-07-02,3143.639893,3130.01001,-13.629883000000063,-0.0043357011184232555,down
2020-07-06,3155.290039,3179.719971,24.429932000000008,0.00774253133564309,up
2020-07-07,3166.439941,3145.320068,-21.119873000000098,-0.006669911128435989,down
2020-07-08,3153.070068,3169.939941,16.869873000000098,0.005350300702546931,up
2020-07-09,3176.169922,3152.050049,-24.119873000000098,-0.007594012156884879,down
2020-07-10,3152.469971,3185.040039,32.57006799999999,0.010331602933451065,up
2020-07-13,3205.080078,3155.219971,-49.86010699999997,-0.015556586976483017,down
2020-07-14,3141.110107,3197.52002,56.40991299999996,0.01795859141463708,up
2020-07-15,3225.97998,3226.560059,0.5800789999998415,0.00017981481707764394,up
2020-07-16,3208.360107,3215.570068,7.209961000000021,0.002247241818108051,up
2020-07-17,3224.209961,3224.72998,0.5200190000000475,0.000161285712248951,up
2020-07-20,3224.290039,3251.840088,27.550048999999944,0.00854453187112921,up
2020-07-21,3268.52002,3257.300049,-11.219970999999987,-0.0034327374259130244,down
2020-07-22,3254.860107,3276.02002,21.15991299999996,0.006501020721134163,up
2020-07-23,3271.639893,3235.659912,-35.97998099999995,-0.01099753706909575,down
2020-07-24,3218.580078,3215.6298829999996,-2.950195000000349,-0.0009166138261296816,down
2020-07-27,3219.840088,3239.409912,19.569824000000153,0.006077886933868175,up
2020-07-28,3234.27002,3218.439941,-15.830078999999841,-0.004894482805118368,down
2020-07-29,3227.219971,3258.439941,31.219970000000103,0.009673951661350853,up
2020-07-30,3231.76001,3246.219971,14.459961000000021,0.0044743300725476895,up
2020-07-31,3270.449951,3271.1201170000004,0.6701660000003358,0.00020491553457206103,up
2020-08-03,3288.26001,3294.610107,6.350097000000005,0.0019311419962802776,up
2020-08-04,3289.919922,3306.51001,16.590087999999923,0.005042702677673236,up
2020-08-05,3317.3701170000004,3327.77002,10.39990299999954,0.0031349842294366875,up
2020-08-06,3323.169922,3349.159912,25.989990000000034,0.00782084293311079,up
2020-08-07,3340.050049,3351.280029,11.229980000000069,0.0033622190791309514,up
2020-08-10,3356.040039,3360.469971,4.429932000000008,0.0013199878274753826,up
2020-08-11,3370.3400880000004,3333.689941,-36.65014700000029,-0.010874317143985585,down
2020-08-12,3355.459961,3380.350098,24.890136999999868,0.007417801818318245,up
2020-08-13,3372.9499509999996,3373.429932,0.4799810000004072,0.00014230303057360938,up
2020-08-14,3368.6599119999996,3372.850098,4.190186000000267,0.0012438732639866044,up
2020-08-17,3380.860107,3381.98999,1.1298830000000635,0.00033419986756052535,up
2020-08-18,3387.040039,3389.780029,2.7399900000000343,0.0008089629790172181,up
2020-08-19,3392.51001,3374.850098,-17.659912000000077,-0.005205559290302603,down
2020-08-20,3360.4799799999996,3385.51001,25.03003000000035,0.007448349684856731,up
2020-08-21,3386.01001,3397.1599119999996,11.149901999999656,0.0032929323797243164,up
2020-08-24,3418.0900880000004,3431.280029,13.189940999999635,0.0038588628913866223,up
2020-08-25,3435.9499509999996,3443.6201170000004,7.6701660000007905,0.0022323276268236864,up
2020-08-26,3449.969971,3478.7299799999996,28.760008999999627,0.008336307052453364,up
2020-08-27,3485.139893,3484.5500490000004,-0.5898439999996299,-0.0001692454300570109,down
2020-08-28,3494.6899409999996,3508.01001,13.32006900000033,0.0038115166795566462,up
2020-08-31,3509.7299799999996,3500.3100590000004,-9.419920999999249,-0.0026839446492118034,down
2020-09-01,3507.4399409999996,3526.649902,19.209961000000476,0.005476918015173073,up
2020-09-02,3543.76001,3580.8400880000004,37.08007800000041,0.010463484517959898,up
2020-09-03,3564.73999,3455.0600590000004,-109.67993099999967,-0.03076800308232289,down
2020-09-04,3453.600098,3426.959961,-26.640136999999868,-0.00771372951240861,down
2020-09-08,3371.8798829999996,3331.840088,-40.039794999999685,-0.011874620801846543,down
2020-09-09,3369.820068,3398.959961,29.13989300000003,0.008647314222119479,up
2020-09-10,3412.5600590000004,3339.189941,-73.37011800000028,-0.021500022485025593,down
2020-09-11,3352.699951,3340.969971,-11.729980000000069,-0.0034986667973378894,down
2020-09-14,3363.5600590000004,3383.540039,19.979979999999614,0.005940128806839186,up
2020-09-15,3407.7299799999996,3401.1999509999996,-6.530029000000013,-0.0019162401476422184,down
2020-09-16,3411.2299799999996,3385.48999,-25.73998999999958,-0.007545662459263325,down
2020-09-17,3346.860107,3357.01001,10.149902999999995,0.003032664251120429,up
2020-09-18,3357.3798829999996,3319.469971,-37.90991199999962,-0.011291516992746461,down
2020-09-21,3285.570068,3281.060059,-4.510009000000082,-0.0013726716845656635,down
2020-09-22,3295.75,3315.570068,19.820067999999992,0.006013826291435938,up
2020-09-23,3320.110107,3236.919922,-83.19018499999993,-0.025056453647306683,down
2020-09-24,3226.139893,3246.590088,20.450194999999894,0.006338905217461967,up
2020-09-25,3236.659912,3298.459961,61.800048999999944,0.01909377280290545,up
2020-09-28,3333.899902,3351.600098,17.700195999999778,0.005309156399501216,up
2020-09-29,3350.919922,3335.469971,-15.449951000000056,-0.004610659568008637,down
2020-09-30,3341.209961,3363.0,21.79003899999998,0.0065216012325901174,up
2020-10-01,3385.8701170000004,3380.8000490000004,-5.070067999999992,-0.0014974195184108982,down
2020-10-02,3338.939941,3348.419922,9.479980999999952,0.0028392187842590346,up
2020-10-05,3367.2700200000004,3408.600098,41.3300779999995,0.012274061110192611,up
2020-10-06,3408.73999,3360.969971,-47.77001900000005,-0.01401398145359865,down
2020-10-07,3384.5600590000004,3419.4399409999996,34.87988199999927,0.010305588139069647,up
2020-10-08,3434.280029,3446.830078,12.550048999999944,0.003654346440600038,up
2020-10-09,3459.669922,3477.139893,17.469970999999987,0.005049606290157523,up
2020-10-12,3500.0200200000004,3534.219971,34.1999509999996,0.009771358679256811,up
2020-10-13,3534.01001,3511.929932,-22.080077999999958,-0.006247882133191795,down
2020-10-14,3515.469971,3488.669922,-26.800048999999944,-0.00762346122170871,down
2020-10-15,3453.719971,3483.3400880000004,29.62011700000039,0.008576293749554946,up
2020-10-16,3493.5,3483.8100590000004,-9.689940999999635,-0.0027737057392298943,down
2020-10-19,3493.6599119999996,3426.919922,-66.73998999999958,-0.019103173085268405,down
2020-10-20,3439.3798829999996,3443.1201170000004,3.7402340000007825,0.001087473360674065,up
2020-10-21,3439.9099119999996,3435.5600590000004,-4.349852999999257,-0.0012645252670207886,down
2020-10-22,3438.5,3453.48999,14.989990000000034,0.004359456158208531,up
2020-10-23,3464.899902,3465.389893,0.48999099999991813,0.00014141562927029634,up
2020-10-26,3441.419922,3400.969971,-40.449951000000056,-0.011753855070523433,down
2020-10-27,3403.149902,3390.679932,-12.469970000000103,-0.003664243527054631,down
2020-10-28,3342.47998,3271.030029,-71.44995100000006,-0.02137632878207996,down
2020-10-29,3277.169922,3310.110107,32.94018499999993,0.010051411975579558,up
2020-10-30,3293.590088,3269.959961,-23.630126999999902,-0.007174580433094837,down
